"ResponseId","PROLIFIC_PID","participant_party","learner_party","political_extremism","block","condition","env1_own","env2_own","env3_own","env4_own","env5_own","env6_own","env1_ingroup","env2_ingroup","env3_ingroup","env4_ingroup","env5_ingroup","env6_ingroup","env1_outgroup_pre","env2_outgroup_pre","env3_outgroup_pre","env4_outgroup_pre","env5_outgroup_pre","env6_outgroup_pre","env1_outgroup_post","env2_outgroup_post","env3_outgroup_post","env4_outgroup_post","env5_outgroup_post","env6_outgroup_post","green_own","green_ingroup","green_outgroup_pre","green_outgroup_post","accuracy_pre","accuracy_post","actual_green","warmth_outgroup_pre","warmth_ingroup_pre","warmth_outgroup_post","warmth_ingroup_post","warmth_diff_pre","warmth_diff_post","confidence_ingroup","confidence_outgroup_pre","confidence_outgroup_post","donation","age","gender","race_1","race_2","race_6","race_3","race_4","race_7","race_5","tab_switch_count","time_hidden_ms","tab_switch_count_bot","time_hidden_ms_bot","duration_sec","talk_partner","comments"
"R_3rZvOaZe1DSB3UF","{{%PROLIFIC_PID%}}","Democrat","D→R",51,"dem_first",NA,3,3,3,3,3,3,3,3,3,3,3,3,3,3,3,3,3,3,3,3,3,3,3,3,3,3,3,3,-0.775510204081633,-0.775510204081633,3.77551020408163,18,25,12,20,-7,-8,3,3,3,25,47,"Female","White",NA,NA,NA,NA,NA,NA,1,24140,NA,NA,729,"I'd rather talk with a democrat",NA
"R_6Mxkq7RXuuRtFAD","61705235c277934df17055e6","Democrat","D→R",70,"dem_first","twin_republican",5,5,5,5,5,5,4,4,4,4,4,4,2,2,2,2,2,2,4,4,4,5,4,4,5,4,2,4.16666666666667,-1.77551020408163,-0.391156462585034,3.77551020408163,30,40,35,40,-10,-5,2,2,4,0,50,"Male","White",NA,NA,NA,NA,NA,NA,0,0,1,597447,942,"I'd rather talk with a republican","Interesting study! Everything worked great and was clear. Thank you and good luck!"
"R_7ScA1dCRkDltuv8","5eac686d82cc012af1e953c7","Republican","R→D",100,"dem_first","twin_democrat",3,3,4,5,4,4,3,3,4,5,4,3,4,4,4,4,4,4,4,4,4,4,4,4,3.83333333333333,3.66666666666667,4,4,-0.00333333333333341,-0.00333333333333341,3.99666666666667,16,84,16,84,-68,-68,4,4,4,0,59,"Male","White",NA,NA,NA,NA,NA,NA,0,0,1,597238,859,"I'd rather talk with a republican",NA
"R_3jvUvMXshS5OdwN","5fd66ce8aec66457ff73d743","Republican","R→D",100,"dem_first","twin_democrat",4,4,4,5,4,4,4,4,4,5,4,4,1,1,1,1,1,1,4,4,4,4,4,4,4.16666666666667,4.16666666666667,1,4,-2.99666666666667,-0.00333333333333341,3.99666666666667,0,100,50,100,-100,-50,5,5,3,0,59,"Female","White",NA,NA,NA,NA,NA,NA,0,0,1,596809,844,"I'd rather talk with a republican",NA
"R_6dH5icoTCgrAMxM","670453b0d93209a1e156916d","Democrat","D→R",70,"dem_first","twin_republican",4,4,4,4,4,4,4,4,4,4,4,4,1,1,1,1,1,1,2,2,2,3,2,2,4,4,1,2.16666666666667,-2.77551020408163,-1.60884353741497,3.77551020408163,40,65,40,65,-25,-25,3,2,3,10,26,"Male","White",NA,NA,NA,NA,NA,NA,0,0,1,597475,864,"I'd rather talk with a democrat",NA
"R_7Cw4TE8kru6kL5u","588e02b13326830001bc29cd","Republican","R→D",31,"dem_first","twin_democrat",1,1,1,1,1,1,4,2,4,4,4,2,5,5,5,5,5,5,5,5,5,5,5,5,1,3.33333333333333,5,5,-1.00333333333333,-1.00333333333333,3.99666666666667,100,100,100,100,0,0,2,3,5,0,45,"Female","White",NA,NA,NA,NA,NA,NA,0,0,2,574230,775,"I'd rather talk with a republican","Thank you and have a great day."
"R_31cvl14gbAFqsO5","698f84553a42023267b6e1ca","Democrat","D→R",100,"dem_first","twin_republican",5,4,3,5,4,5,5,5,4,5,4,5,1,1,1,1,3,1,2,2,1,2,4,1,4.33333333333333,4.66666666666667,1.33333333333333,2,-2.4421768707483,-1.77551020408163,3.77551020408163,7,73,0,71,-66,-71,4,5,4,0,37,"Male","White",NA,NA,NA,NA,NA,NA,0,0,2,597900,727,"I'd rather talk with a democrat",NA
"R_6QGJfNNRm2nh6bZ","699218fc3c4d6fb93e44c1fe","Republican","R→D",40,"dem_first","twin_democrat",5,4,4,5,5,4,3,2,2,4,3,1,5,5,5,5,5,5,5,5,5,5,5,5,4.5,2.5,5,5,-1.00333333333333,-1.00333333333333,3.99666666666667,100,100,100,100,0,0,2,2,2,50,45,"Male","White",NA,NA,NA,NA,NA,NA,0,0,1,586990,2152,"I'd rather talk with a republican",NA
"R_3qHCsWphANgI1BN","698df8431850f04bbc752804","Republican","R→D",80,"rep_first","twin_democrat",4,2,2,1,1,2,4,2,2,1,2,2,5,5,5,5,5,5,5,5,5,5,5,5,2,2.16666666666667,5,5,-1.00333333333333,-1.00333333333333,3.99666666666667,25,90,95,5,-65,90,4,5,5,0,43,"Male",NA,"Black or African American",NA,NA,NA,NA,NA,0,0,1,589842,1266,"I'd rather talk with a democrat",NA
"R_1nyHPhKfqgn3LLr","615567110b3d6e418c6add32","Republican","R→D",80,"dem_first","twin_democrat",5,5,4,4,4,4,4,4,4,4,4,4,3,3,3,3,3,2,4,5,4,5,5,4,4.33333333333333,4,2.83333333333333,4.5,-1.16333333333333,-0.503333333333333,3.99666666666667,30,80,30,81,-50,-51,3,2,3,25,34,"Male","White",NA,NA,"Latino",NA,NA,NA,0,0,1,594331,1682,"I'd rather talk with a republican",NA
"R_5C7S5NKBoRyFlSZ","5a440abd1ba496000102a238","Democrat","D→R",53,"dem_first","twin_republican",3,2,2,4,4,4,4,4,4,5,5,5,1,1,1,1,2,1,2,2,2,4,4,2,3.16666666666667,4.5,1.16666666666667,2.66666666666667,-2.60884353741497,-1.10884353741497,3.77551020408163,10,60,11,51,-50,-40,2,3,2,50,43,"Male","White",NA,NA,NA,NA,NA,NA,0,0,1,596459,824,"I'd rather talk with a republican",NA
"R_5V2BGLWpPSMMyY2","67d065dce723175895e18af9","Republican","R→D",77,"dem_first","twin_democrat",4,5,4,4,5,4,3,4,3,3,4,3,3,4,3,3,4,3,5,4,4,5,5,4,4.33333333333333,3.33333333333333,3.33333333333333,4.5,-0.663333333333333,-0.503333333333333,3.99666666666667,51,93,51,88,-42,-37,4,3,4,40,35,"Male",NA,"Black or African American",NA,NA,NA,NA,NA,0,0,1,592943,1098,"I'd rather talk with a republican",NA
"R_7mj8GMF6O73KPyF","6108708cc133f82c35c00f12","Republican","R→D",21,"dem_first","twin_democrat",2,2,2,2,2,2,2,2,2,2,2,2,4,4,4,4,4,4,4,4,4,4,4,4,2,2,4,4,-0.00333333333333341,-0.00333333333333341,3.99666666666667,41,57,42,56,-16,-14,2,2,2,25,28,"Female","White",NA,NA,NA,NA,NA,NA,0,0,1,518405,742,"I'd rather talk with a republican",NA
"R_54CMcMKnxqb4PMz","646b776eca37542a899c1de5","Republican","R→D",90,"dem_first","twin_democrat",4,4,3,5,4,4,4,4,3,5,4,4,4,4,3,5,4,4,4,5,5,5,5,4,4,4,4,4.66666666666667,-0.00333333333333341,-0.67,3.99666666666667,67,90,70,90,-23,-20,3,3,3,0,59,"Female","White",NA,NA,NA,NA,NA,NA,0,0,1,596543,1065,"I'd rather talk with a republican","I chose to ""keep"" the 50 cents because of the fake AI picture."
"R_16FILkyhdZYSLDP","65cce024500351e8c8f7ff26","Democrat","D→R",92,"rep_first","twin_republican",4,4,4,5,4,4,4,4,4,5,4,4,3,3,3,5,3,3,4,4,4,5,4,4,4.16666666666667,4.16666666666667,3.33333333333333,4.16666666666667,-0.442176870748299,-0.391156462585034,3.77551020408163,10,84,12,88,-74,-76,3,2,3,0,42,"Female",NA,NA,NA,NA,"Asian",NA,NA,0,0,2,123859,865,"I'd rather talk with a democrat","everything was clear and went well"
"R_6PUIk7J7SspxVf3","6942c05a7a01b8119deb4a9c","Democrat","D→R",70,"rep_first","twin_republican",5,5,4,5,4,5,4,5,4,5,4,5,1,1,1,1,1,1,4,4,4,4,4,4,4.66666666666667,4.5,1,4,-2.77551020408163,-0.224489795918367,3.77551020408163,10,70,10,70,-60,-60,4,1,1,50,27,"Female","White",NA,NA,NA,NA,NA,NA,0,0,7,484307,907,"I'd rather talk with a democrat",NA
"R_3DuN2zhmX70hZOK","6983112fa463a6c444d38410","Democrat","D→R",2,"rep_first","twin_republican",4,5,4,4,4,4,5,4,5,4,4,4,4,4,4,4,4,4,1,1,1,1,1,1,4.16666666666667,4.33333333333333,4,1,-0.224489795918367,-2.77551020408163,3.77551020408163,8,7,50,50,1,0,3,3,5,0,32,"Male","White",NA,NA,NA,NA,NA,NA,0,0,1,597684,997,"I'd rather talk with a republican",NA
"R_7tc9KPdf5p64pdb","6604cdce9c02df4997ec8b68","Republican","R→D",18,"rep_first","twin_democrat",4,4,4,4,4,4,3,3,3,3,3,3,3,3,3,3,3,3,3,3,4,4,3,4,4,3,3,3.5,-0.996666666666667,-0.496666666666667,3.99666666666667,80,80,80,80,0,0,4,4,2,0,55,"Female","White",NA,NA,NA,NA,NA,NA,0,0,1,598262,1104,"I'd rather talk with a democrat",NA
"R_3vQ9v8hwMkA97wZ","672a799c5da8404d6f10fd61","Republican","R→D",55,"rep_first","twin_democrat",5,4,4,5,5,3,4,4,3,4,3,2,5,4,4,5,4,4,5,5,4,5,5,4,4.33333333333333,3.33333333333333,4.33333333333333,4.66666666666667,-0.336666666666666,-0.67,3.99666666666667,35,60,35,60,-25,-25,2,2,3,50,47,"Female","White",NA,NA,NA,NA,NA,NA,0,0,1,597320,877,"I'd rather talk with a republican",NA
"R_34pCSrGn41gBx0k","56849d528f456f000c45e1dd","Democrat","D→R",94,"dem_first","twin_republican",5,5,5,5,5,4,4,4,5,5,5,3,1,1,3,1,1,1,3,3,1,1,1,1,4.83333333333333,4.33333333333333,1.33333333333333,1.66666666666667,-2.4421768707483,-2.10884353741497,3.77551020408163,0,93,0,85,-93,-85,4,5,3,0,38,"Female",NA,"Black or African American","American Indian or Alaska Native",NA,NA,NA,NA,0,0,1,596795,1025,"I'd rather talk with a democrat",NA
"R_5VQr79YF1ge8ejX","663e4e95e7e0acca1b1cd005","Democrat","D→R",100,"rep_first","twin_republican",4,3,3,3,3,4,3,4,4,4,3,3,1,2,3,1,2,3,4,3,4,4,1,4,3.33333333333333,3.5,2,3.33333333333333,-1.77551020408163,-0.442176870748299,3.77551020408163,0,100,0,100,-100,-100,2,1,1,50,36,"Male",NA,NA,NA,NA,NA,NA,"Other",0,0,1,597620,1079,"I'd rather talk with a democrat",NA
"R_5Yqo9VdKMPaG5Hz","6571e4f4cfa8086f608fabf3","Democrat","D→R",56,"rep_first","twin_republican",4,4,4,4,4,4,4,4,4,4,4,4,4,4,4,4,4,4,4,4,4,4,4,4,4,4,4,4,-0.224489795918367,-0.224489795918367,3.77551020408163,69,67,72,71,2,1,3,3,4,0,24,"Female","White",NA,NA,NA,NA,NA,NA,0,0,1,597607,768,"I'd rather talk with a democrat",NA
"R_7pX5ZJzqavB5PzS","694045a6d8c5a7135d7f729a","Republican","R→D",100,"dem_first","twin_democrat",5,5,5,5,5,5,5,5,5,5,5,5,1,1,1,1,1,1,5,5,5,5,5,5,5,5,1,5,-2.99666666666667,-1.00333333333333,3.99666666666667,50,100,100,100,-50,0,5,5,5,21,52,"Male",NA,"Black or African American",NA,NA,NA,NA,NA,0,0,1,591396,1131,"I'd rather talk with a republican","No comments"
"R_3iLm8xR1X4xI5pl","55fc2b4377f33b000ecb21ed","Democrat","D→R",0,"dem_first","twin_republican",3,1,2,4,3,2,5,3,5,4,5,4,2,1,1,2,2,1,4,2,2,4,3,2,2.5,4.33333333333333,1.5,2.83333333333333,-2.27551020408163,-0.942176870748299,3.77551020408163,48,53,46,54,-5,-8,2,4,4,0,39,"Male","White",NA,NA,NA,NA,NA,NA,0,0,2,575855,750,"I'd rather talk with a republican",NA
"R_1pJBSRUzJYQ6jU7","6966d373da1a88ba565259cc","Republican","R→D",100,"rep_first","twin_democrat",1,1,1,1,2,1,1,1,1,1,2,1,5,5,5,5,5,5,5,5,5,5,5,5,1.16666666666667,1.16666666666667,5,5,-1.00333333333333,-1.00333333333333,3.99666666666667,10,100,10,100,-90,-90,4,5,5,0,56,"Female","White",NA,NA,NA,NA,NA,NA,0,0,1,597350,871,"I'd rather talk with a republican",NA
"R_6zNFTiMIqFOTTpL","695fb0485e22f6e6da1dfe02","Democrat","D→R",97,"rep_first","twin_republican",4,4,4,5,5,5,4,4,5,5,5,5,1,1,1,1,1,1,4,3,3,4,2,2,4.5,4.66666666666667,1,3,-2.77551020408163,-0.775510204081633,3.77551020408163,5,90,10,95,-85,-85,4,3,3,0,36,"Female","White",NA,NA,NA,NA,NA,NA,0,0,1,597212,1280,"I'd rather talk with a democrat",NA
"R_63wrUj8Jqg0k2K5","67dc849f4725aad5978b9eb1","Republican","R→D",100,"rep_first","twin_democrat",4,3,3,4,5,4,4,3,2,4,4,4,5,4,5,5,5,5,5,5,5,4,5,5,3.83333333333333,3.5,4.83333333333333,4.83333333333333,-0.836666666666666,-0.836666666666666,3.99666666666667,63,100,82,100,-37,-18,3,3,5,50,58,"Male",NA,NA,NA,NA,"Asian",NA,NA,0,0,1,589577,1329,"I'd rather talk with a democrat","the study went well"
"R_1qU4cIgmWLIsfUp","6991e06cd1594e72a28cf3f7","Republican","R→D",50,"rep_first","twin_democrat",4,4,4,4,4,4,2,2,2,4,1,2,5,5,5,5,5,5,5,5,5,5,5,5,4,2.16666666666667,5,5,-1.00333333333333,-1.00333333333333,3.99666666666667,50,50,70,40,0,30,4,4,4,0,58,"Female","White",NA,NA,NA,NA,NA,NA,2,16274,2,595870,1197,"I'd rather talk with a democrat",NA
"R_60UkWdV6U9DwR7Y","682a1996cd2cfa1f1160cb71","Republican","R→D",100,"dem_first","twin_democrat",5,5,5,5,5,5,5,5,5,5,5,5,5,5,5,5,5,5,5,5,5,5,5,5,5,5,5,5,-1.00333333333333,-1.00333333333333,3.99666666666667,50,99,50,96,-49,-46,5,1,5,50,42,"Male","White",NA,NA,NA,NA,NA,NA,2,36692,7,298674,1116,"I'd rather talk with a republican",NA
"R_1nAXu3Wn3FFI0Cz","69446a662f72f30671df1c89","Democrat","D→R",75,"rep_first","twin_republican",4,4,2,5,2,4,5,5,5,5,4,5,4,2,2,4,2,2,4,5,5,5,4,4,3.5,4.83333333333333,2.66666666666667,4.5,-1.10884353741497,-0.724489795918367,3.77551020408163,55,70,70,81,-15,-11,4,3,3,5,35,"Female","White",NA,NA,NA,NA,NA,NA,0,0,1,594991,1022,"I'd rather talk with a republican",NA
"R_7w0Ph8RdzBX30m5","699390b11dbc2b9076cbd4a8","Democrat","D→R",100,"dem_first","twin_republican",5,5,5,5,5,4,5,5,5,5,5,4,1,1,1,1,1,1,4,2,2,2,4,2,4.83333333333333,4.83333333333333,1,2.66666666666667,-2.77551020408163,-1.10884353741497,3.77551020408163,1,100,10,100,-99,-90,4,4,4,0,35,"Female","White",NA,NA,NA,NA,NA,NA,0,0,2,80705,930,"I'd rather talk with a republican",NA
"R_1fxJsHrJjLcPZCV","695fa276f0ff6947c14771b8","Democrat","D→R",90,"rep_first","twin_republican",4,4,5,5,5,5,4,4,4,5,4,4,3,2,2,2,2,2,4,4,5,4,4,4,4.66666666666667,4.16666666666667,2.16666666666667,4.16666666666667,-1.60884353741497,-0.391156462585034,3.77551020408163,19,86,50,88,-67,-38,4,4,4,0,36,"Male","White",NA,NA,NA,NA,NA,NA,0,0,2,540793,859,"I'd rather talk with a republican",NA
"R_3ifxtEJdBp0vstS","5e9e19d808b9931ef37373c6","Democrat","D→R",18,"dem_first","twin_republican",3,3,3,4,3,3,3,5,3,4,3,4,3,1,3,2,3,2,3,2,1,2,2,2,3.16666666666667,3.66666666666667,2.33333333333333,2,-1.4421768707483,-1.77551020408163,3.77551020408163,49,49,52,49,0,3,2,2,1,0,31,"Male",NA,NA,NA,NA,"Asian",NA,NA,0,0,1,598210,818,"I'd rather talk with a republican","None at this time"
"R_65TmscMvnmqpXu9","698c0284abbbcb9d9ac2d5dc","Democrat","D→R",73,"dem_first","twin_republican",4,4,4,4,3,4,5,4,4,5,4,4,1,4,2,1,4,2,2,4,3,3,2,2,3.83333333333333,4.33333333333333,2.33333333333333,2.66666666666667,-1.4421768707483,-1.10884353741497,3.77551020408163,35,73,44,71,-38,-27,3,3,3,50,25,"Male","White",NA,NA,NA,NA,NA,NA,0,0,1,598050,859,"I'd rather talk with a republican","This was a cool study! Thank you!"
"R_1KVNmjmo6yguEo0","5f4a4da1575d605c43bef871","Republican","R→D",100,"rep_first","twin_democrat",5,4,4,5,4,3,4,4,4,4,4,4,4,4,4,4,4,4,5,5,5,5,5,5,4.16666666666667,4,4,5,-0.00333333333333341,-1.00333333333333,3.99666666666667,33,76,83,72,-43,11,2,2,4,0,67,"Female","White",NA,NA,NA,NA,NA,NA,0,0,5,46461,786,"I'd rather talk with a republican",NA
"R_7IS33dZyMFmLFtv","67ca0d493f0094aaecca945e","Republican","R→D",100,"rep_first","twin_democrat",4,1,1,2,5,1,4,1,2,2,4,1,1,1,1,4,1,1,4,4,4,5,5,4,2.33333333333333,2.33333333333333,1.5,4.33333333333333,-2.49666666666667,-0.336666666666666,3.99666666666667,80,80,80,80,0,0,2,2,2,0,64,"Female",NA,NA,NA,NA,NA,NA,"Other",0,0,1,598109,801,"I'd rather talk with a democrat","Just because I didn't donate to a person does not mean I am not generous. I don't know what her health concerns are nor do I know her. My generosity goes toward those I feel called to help. We give over 20% of our income to charity and we prefer to help those we can vet."
"R_5ztqiG1gHvKEWOd","65e465d6d4ed60a18ce3a89b","Democrat","D→R",53,"dem_first","twin_republican",3,4,4,3,3,4,4,2,4,4,2,3,2,4,3,2,4,4,4,3,4,2,3,4,3.5,3.16666666666667,3.16666666666667,3.33333333333333,-0.608843537414966,-0.442176870748299,3.77551020408163,55,69,20,60,-14,-40,4,4,3,0,52,"Female",NA,"Black or African American",NA,NA,NA,NA,NA,0,0,1,582868,969,"I'd rather talk with a democrat",NA
"R_7CRTVnpAORlAhGh","5e9f3f09ccc75a0c345e4845","Democrat","D→R",91,"rep_first","twin_republican",4,4,4,4,4,4,4,4,4,4,4,4,4,4,4,4,4,4,4,4,4,4,4,4,4,4,4,4,-0.224489795918367,-0.224489795918367,3.77551020408163,3,89,3,87,-86,-84,3,3,3,50,66,"Female","White",NA,NA,NA,NA,NA,NA,0,0,1,439139,733,"I'd rather talk with a democrat",NA
"R_3d6z6zShhkFMbEg","6941acf0f53b50ab7a0b1c9f","Democrat","D→R",78,"rep_first","twin_republican",5,5,5,5,5,4,4,4,4,4,4,4,2,2,2,2,2,2,2,2,2,2,2,2,4.83333333333333,4,2,2,-1.77551020408163,-1.77551020408163,3.77551020408163,44,66,43,68,-22,-25,4,4,4,10,48,"Male","White",NA,NA,NA,NA,NA,NA,0,0,3,58151,825,"I'd rather talk with a republican","Thank you!"
"R_12gzFnYrjefNqRT","69903e19de9ba23a4c02d8ca","Republican","R→D",86,"dem_first","twin_democrat",5,4,2,1,5,5,5,4,2,1,5,4,5,4,3,1,4,4,5,4,3,4,4,4,3.66666666666667,3.5,3.5,4,-0.496666666666667,-0.00333333333333341,3.99666666666667,49,77,66,84,-28,-18,4,3,4,50,44,"Male","White",NA,NA,NA,NA,NA,NA,0,0,10,422433,1296,"I'd rather talk with a republican",NA
"R_3R9xoKTIPefaagg","6938b3a102d6dfae6c72a140","Republican","R→D",73,"dem_first","twin_democrat",5,5,4,1,5,5,4,5,5,1,5,5,4,5,4,4,5,4,4,5,5,5,5,5,4.16666666666667,4.16666666666667,4.33333333333333,4.83333333333333,-0.336666666666666,-0.836666666666666,3.99666666666667,72,88,78,91,-16,-13,3,3,3,27,22,"Female",NA,"Black or African American",NA,NA,NA,NA,NA,0,0,1,591090,980,"I'd rather talk with a democrat",NA
"R_3aYBh0rSlhHwP85","6662149979f662803eff17de","Republican","R→D",60,"rep_first","twin_democrat",5,5,5,5,5,5,3,3,3,3,3,3,4,4,4,4,4,4,5,5,5,5,5,5,5,3,4,5,-0.00333333333333341,-1.00333333333333,3.99666666666667,50,50,50,50,0,0,3,3,4,0,37,"Male","White",NA,NA,NA,NA,NA,NA,0,0,5,95481,1181,"I'd rather talk with a democrat",NA
"R_7s5HoDbj2fKQY0B","66293da691cec8862619b1dc","Democrat","D→R",86,"rep_first","twin_republican",3,2,2,4,2,2,2,2,3,4,3,3,1,1,1,2,1,1,2,2,2,2,1,2,2.5,2.83333333333333,1.16666666666667,1.83333333333333,-2.60884353741497,-1.9421768707483,3.77551020408163,10,85,8,80,-75,-72,3,3,3,0,47,"Female","White",NA,NA,NA,NA,NA,NA,0,0,1,495189,784,"I'd rather talk with a republican",NA
"R_6OIHlSYkI5LPwTK","5c4af67cdccaa800016b3192","Democrat","D→R",80,"dem_first","twin_republican",4,4,4,4,4,4,4,4,4,4,4,4,4,3,2,4,4,2,4,3,4,5,4,3,4,4,3.16666666666667,3.83333333333333,-0.608843537414966,-0.0578231292517009,3.77551020408163,10,80,10,80,-70,-70,3,2,3,0,43,"Male","White","Black or African American",NA,NA,NA,NA,NA,0,0,1,598354,739,"I'd rather talk with a democrat",NA
"R_6iCpMIfC1AjRIqW","67e04fb6a0a0f7c68d0cb905","Republican","R→D",67,"dem_first","twin_democrat",5,4,4,5,5,5,3,4,2,4,4,4,4,4,4,4,4,3,5,5,4,4,4,5,4.66666666666667,3.5,3.83333333333333,4.5,-0.163333333333333,-0.503333333333333,3.99666666666667,54,84,58,88,-30,-30,3,2,3,30,43,"Female","White",NA,NA,NA,NA,NA,NA,2,3708,1,594702,1186,"I'd rather talk with a republican","NA"
"R_5aYVNetknwAkfAZ","6838b21420f8652e717601ab","Republican","R→D",80,"dem_first","twin_democrat",5,4,5,3,5,5,4,4,4,3,4,4,3,3,3,3,4,4,2,4,3,4,3,3,4.5,3.83333333333333,3.33333333333333,3.16666666666667,-0.663333333333333,-0.83,3.99666666666667,38,75,31,77,-37,-46,3,3,3,0,24,"Female",NA,"Black or African American",NA,NA,NA,NA,NA,0,0,1,594016,857,"I'd rather talk with a republican",NA
"R_6BVl8ZtdPeQxY6M","6621a2f38453311275d17d65","Republican","R→D",60,"rep_first","twin_democrat",5,5,5,4,4,2,2,2,4,4,2,1,5,4,5,5,5,4,5,5,5,5,4,4,4.16666666666667,2.5,4.66666666666667,4.66666666666667,-0.67,-0.67,3.99666666666667,35,60,45,60,-25,-15,1,2,3,35,24,"Female","White",NA,NA,NA,NA,NA,NA,0,0,1,578294,887,"I'd rather talk with a republican",NA
"R_3OVJkWuYPnxVkpF","59e7a66e62637600014a7d69","Democrat","D→R",100,"rep_first","twin_republican",5,5,5,5,5,5,5,5,5,5,5,5,1,1,1,1,1,1,2,2,2,2,2,2,5,5,1,2,-2.77551020408163,-1.77551020408163,3.77551020408163,1,100,1,100,-99,-99,4,4,4,0,64,"Female","White",NA,NA,NA,NA,NA,NA,0,0,1,595622,763,"I'd rather talk with a democrat",NA
"R_62qgwHWd1V8LURP","698b9c8a556b36c360dd01bd","Democrat","D→R",80,"dem_first","twin_republican",4,5,4,5,5,4,5,5,5,5,5,5,1,1,1,1,1,1,4,2,2,3,3,2,4.5,5,1,2.66666666666667,-2.77551020408163,-1.10884353741497,3.77551020408163,25,90,25,96,-65,-71,4,3,4,25,32,"Male","White",NA,NA,NA,NA,NA,NA,0,0,4,110534,1016,"I'd rather talk with a democrat",NA
"R_3P0szeUN0JQXOfm","59347d4f53490b0001563e47","Republican","R→D",73,"rep_first","twin_democrat",3,3,1,5,2,1,3,3,3,5,4,3,5,5,5,5,5,5,5,5,5,5,5,5,2.5,3.5,5,5,-1.00333333333333,-1.00333333333333,3.99666666666667,56,91,50,79,-35,-29,4,5,5,25,36,"Male","White","Black or African American","American Indian or Alaska Native",NA,NA,NA,NA,0,0,2,535208,1922,"I'd rather talk with a democrat",NA
"R_3QYKO0un4iYNmco","67ca44c542a5ebd3baf7d5e1","Republican","R→D",80,"rep_first","twin_democrat",5,5,5,5,5,5,4,4,4,5,4,4,4,4,4,5,4,4,5,5,5,5,5,5,5,4.16666666666667,4.16666666666667,5,-0.17,-1.00333333333333,3.99666666666667,80,100,90,100,-20,-10,3,3,4,50,29,"Female",NA,NA,NA,NA,NA,NA,"Other",0,0,1,593241,1649,"I'd rather talk with a democrat",NA
"R_5oAID4ei8Z5aMXD","6941dcdd60e47496c3097b02","Republican","R→D",100,"rep_first","twin_democrat",5,5,5,5,5,5,4,4,4,4,4,4,5,5,5,5,5,5,5,5,5,5,5,5,5,4,5,5,-1.00333333333333,-1.00333333333333,3.99666666666667,100,100,100,100,0,0,4,4,4,0,49,"Male","White",NA,NA,NA,NA,NA,NA,0,0,1,597105,943,"I'd rather talk with a democrat","Thanks for the opportunity!  I think I convinced your chatbot that climate change is not an existential threat to humanity!"
"R_54D9Mv9MGMkcQL4","66be3ed60ce8896e4feb1003","Democrat","D→R",92,"dem_first","twin_republican",5,5,5,5,5,5,4,4,4,4,4,4,1,1,1,1,1,1,4,2,2,2,2,1,5,4,1,2.16666666666667,-2.77551020408163,-1.60884353741497,3.77551020408163,1,70,1,89,-69,-88,3,4,4,0,51,"Female","White",NA,NA,NA,NA,NA,NA,1,1740,4,353496,2715,"I'd rather talk with a democrat",NA
"R_1EGeDdMvnJnZzLd","5e1c138a2bf9514062e4de6b","Democrat","D→R",15,"rep_first","twin_republican",5,4,2,5,4,1,5,4,3,5,4,3,1,1,1,1,3,1,2,2,2,1,3,2,3.5,4,1.33333333333333,2,-2.4421768707483,-1.77551020408163,3.77551020408163,0,30,0,30,-30,-30,2,3,1,0,40,"Male","White",NA,NA,NA,NA,NA,NA,0,0,1,597606,823,"I'd rather talk with a democrat",NA
"R_63kHzeHwlHUmGuA","694155c781b1b22947a860c5","Republican","R→D",15,"rep_first","twin_democrat",2,2,2,4,2,2,2,2,2,4,2,2,4,4,2,4,4,4,4,4,4,4,4,4,2.33333333333333,2.33333333333333,3.66666666666667,4,-0.33,-0.00333333333333341,3.99666666666667,50,50,50,50,0,0,2,2,2,0,20,"Male",NA,NA,NA,NA,"Asian",NA,NA,0,0,2,584528,855,"I'd rather talk with a republican",NA
"R_3M0AI8urrVMWY58","698d1f2a685237b2a6992f3b","Democrat","D→R",66,"rep_first","twin_republican",5,5,5,5,4,5,3,2,3,5,2,2,1,1,1,1,1,1,1,1,1,1,1,1,4.83333333333333,2.83333333333333,1,1,-2.77551020408163,-2.77551020408163,3.77551020408163,0,50,0,51,-50,-51,2,4,3,0,35,"Female","White",NA,NA,NA,NA,NA,NA,0,0,1,597623,994,"I'd rather talk with a republican",NA
"R_6hRtYZM8Hy36nJD","63b0888e6716ff9bc2cda151","Republican","R→D",94,"rep_first","twin_democrat",4,2,1,2,2,1,2,2,1,1,2,1,5,5,5,5,4,5,4,4,4,4,5,4,2,1.5,4.83333333333333,4.16666666666667,-0.836666666666666,-0.17,3.99666666666667,51,93,50,92,-42,-42,4,4,4,50,54,"Male",NA,NA,NA,NA,NA,NA,"Other",0,0,1,594380,1260,"I'd rather talk with a democrat","None"
"R_3iUxMWFz3mxVJKM","66c759ddaa2a477714a13d63","Democrat","D→R",100,"dem_first","twin_republican",5,5,5,5,5,4,5,4,5,5,5,4,4,2,2,4,3,1,4,2,2,2,4,1,4.83333333333333,4.66666666666667,2.66666666666667,2.5,-1.10884353741497,-1.27551020408163,3.77551020408163,15,100,14,100,-85,-86,4,4,3,20,33,"Male",NA,"Black or African American",NA,NA,NA,NA,NA,1,18029,1,591086,1539,"I'd rather talk with a democrat",NA
"R_3KCNmyynKcgNAyc","5d9b7c7efaa2860364b16476","Republican","R→D",83,"rep_first","twin_democrat",4,4,3,4,4,4,4,3,5,4,5,4,2,3,3,2,3,3,5,5,4,4,5,4,3.83333333333333,4.16666666666667,2.66666666666667,4.5,-1.33,-0.503333333333333,3.99666666666667,49,79,51,85,-30,-34,4,3,4,36,36,"Male","White",NA,NA,NA,NA,NA,NA,0,0,3,324521,1138,"I'd rather talk with a republican","interesting"
"R_6R1mYuFkmUmIjTl","66e87276ccc570e1c0d7df24","Republican","R→D",86,"dem_first","twin_democrat",5,5,4,2,5,5,5,5,4,2,5,5,3,3,3,4,2,4,3,3,4,3,4,4,4.33333333333333,4.33333333333333,3.16666666666667,3.5,-0.83,-0.496666666666667,3.99666666666667,31,100,16,100,-69,-84,2,2,3,50,56,"Female","White",NA,NA,NA,NA,NA,NA,0,0,10,354180,910,"I'd rather talk with a republican","No comment"
"R_6LUShfeivo9v7NI","59c0782e5364260001dc4740","Democrat","D→R",100,"dem_first","twin_republican",4,3,2,4,3,3,4,4,4,4,4,4,4,4,4,4,4,4,5,5,4,4,4,4,3.16666666666667,4,4,4.33333333333333,-0.224489795918367,-0.5578231292517,3.77551020408163,50,100,50,100,-50,-50,2,2,2,50,62,"Female",NA,"Black or African American",NA,NA,NA,NA,NA,0,0,2,333614,858,"I'd rather talk with a democrat",NA
"R_1hKhMOmKHqWU30i","6991e1037df94da6274eb05c","Republican","R→D",100,"rep_first","twin_democrat",5,5,4,5,5,1,4,4,4,4,5,2,3,3,2,3,3,5,4,5,4,3,4,3,4.16666666666667,3.83333333333333,3.16666666666667,3.83333333333333,-0.83,-0.163333333333333,3.99666666666667,29,99,74,82,-70,-8,5,2,4,25,47,"Male","White",NA,NA,NA,NA,NA,NA,0,0,2,137185,1316,"I'd rather talk with a republican",NA
"R_6Ehtm9xFqW7b0wM","67e1dede9ac73d05f0eb255e","Republican","R→D",84,"dem_first","twin_democrat",5,4,4,5,5,4,4,4,4,5,4,4,4,3,3,5,4,4,5,4,4,5,5,5,4.5,4.16666666666667,3.83333333333333,4.66666666666667,-0.163333333333333,-0.67,3.99666666666667,58,86,52,72,-28,-20,4,3,3,50,28,"Female",NA,NA,NA,NA,"Asian",NA,NA,0,0,7,383784,2826,"I'd rather talk with a republican","NA"
"R_582RmWkH5Xi2s2R","678712caf70562b83286c6e3","Republican","R→D",100,"dem_first","twin_democrat",5,5,5,5,5,5,5,5,5,5,5,5,3,3,3,3,3,3,1,1,1,1,1,1,5,5,3,1,-0.996666666666667,-2.99666666666667,3.99666666666667,30,100,30,100,-70,-70,5,5,5,5,67,"Female","White",NA,NA,NA,NA,NA,NA,0,0,1,583794,1541,"I'd rather talk with a republican","I have no complaint, I enjoyed the study."
"R_7lVVFjN6giiUgeS","6942ebd5e8bb18e665b37214","Democrat","D→R",60,"rep_first","twin_republican",5,1,1,4,2,4,5,4,4,5,4,5,2,2,1,3,3,1,2,1,1,2,2,1,2.83333333333333,4.5,2,1.5,-1.77551020408163,-2.27551020408163,3.77551020408163,40,60,40,60,-20,-20,2,2,3,50,23,"Male",NA,"Black or African American",NA,NA,NA,NA,NA,0,0,2,301848,1392,"I'd rather talk with a republican",NA
"R_3k53C8UNvl76fyV","69600176b8aa9dc45acdbead","Republican","R→D",95,"dem_first","twin_democrat",4,3,3,5,4,4,4,3,2,4,4,3,5,5,4,5,5,5,4,4,3,5,5,4,3.83333333333333,3.33333333333333,4.83333333333333,4.16666666666667,-0.836666666666666,-0.17,3.99666666666667,5,80,5,80,-75,-75,4,4,4,50,40,"Male","White",NA,NA,NA,NA,NA,NA,0,0,1,598382,871,"I'd rather talk with a republican","Despite popular belief, Republicans are not cold-hearted and are generous (even to those in need who are on the opposite side of the political aisle). If anything, as a Republican, I feel that Democrats are much colder toward us than we are to them."
"R_7U93wMZo3vCH5U5","659daa1ed4e13d6428103c1f","Democrat","D→R",69,"rep_first","twin_republican",5,5,5,5,5,4,5,5,5,5,5,4,4,4,4,4,4,2,5,5,5,5,5,4,4.83333333333333,4.83333333333333,3.66666666666667,4.83333333333333,-0.108843537414966,-1.0578231292517,3.77551020408163,34,71,60,77,-37,-17,3,2,3,50,61,"Female",NA,NA,NA,NA,"Asian",NA,NA,0,0,1,596606,895,"I'd rather talk with a democrat",NA
"R_7mgivtKybmVXrYR","697145584fd211a6fe8c850a","Democrat","D→R",100,"rep_first","twin_republican",4,3,4,4,4,4,4,4,5,5,5,5,1,1,1,1,2,1,2,1,1,1,1,1,3.83333333333333,4.66666666666667,1.16666666666667,1.16666666666667,-2.60884353741497,-2.60884353741497,3.77551020408163,18,90,20,90,-72,-70,4,4,4,0,34,"Female",NA,"Black or African American",NA,NA,NA,NA,NA,0,0,1,594612,977,"I'd rather talk with a democrat",NA
"R_5Xj1I9nIIGZ1MVK","69917c2285d6d83033bcb066","Democrat","D→R",1,"rep_first","twin_republican",1,1,1,1,2,1,4,4,4,4,4,4,1,1,1,1,2,1,1,1,1,1,1,1,1.16666666666667,4,1.16666666666667,1,-2.60884353741497,-2.77551020408163,3.77551020408163,50,50,50,50,0,0,3,3,4,0,18,"Male",NA,NA,NA,NA,"Asian",NA,NA,0,0,2,592232,949,"I'd rather talk with a democrat",NA
"R_62RIdMHzssn9dJa","6950015633db665bd91254de","Democrat","D→R",98,"dem_first","twin_republican",5,4,5,5,5,5,5,5,5,5,5,5,1,1,1,1,1,1,2,2,2,2,1,1,4.83333333333333,5,1,1.66666666666667,-2.77551020408163,-2.10884353741497,3.77551020408163,13,86,10,89,-73,-79,4,4,4,0,21,"Female","White",NA,NA,NA,NA,NA,NA,0,0,4,574034,751,"I'd rather talk with a democrat",NA
"R_7KoURIe0gGEgqSF","67e41073845419aa20c5dcfe","Republican","R→D",90,"rep_first","twin_democrat",4,2,2,2,4,2,4,1,1,1,2,1,5,5,5,5,5,5,4,4,4,5,5,4,2.66666666666667,1.66666666666667,5,4.33333333333333,-1.00333333333333,-0.336666666666666,3.99666666666667,66,92,63,88,-26,-25,4,4,4,50,45,"Female","White",NA,NA,NA,NA,NA,NA,0,0,1,594658,2658,"I'd rather talk with a democrat","None"
"R_5MGau1naGifeg6t","66e3740c4bc40251bdd0667a","Democrat","D→R",90,"rep_first","twin_republican",4,4,3,5,4,3,5,4,4,5,5,4,2,2,2,2,4,1,2,2,1,4,4,2,3.83333333333333,4.5,2.16666666666667,2.5,-1.60884353741497,-1.27551020408163,3.77551020408163,30,100,30,100,-70,-70,4,4,4,0,40,"Male","White",NA,NA,NA,NA,NA,NA,0,0,2,577188,873,"I'd rather talk with a republican","If I was chosen, I'd like to speak to a Republican to see if my views about the opposite political side were accurate and would like to get some insight as to how they truly feel."
"R_1wgbVU5SNCaFB6X","676dda2e34757c5868ccd91e","Republican","R→D",63,"dem_first","twin_democrat",2,2,2,4,3,4,3,3,3,3,3,3,3,3,3,3,3,3,5,5,4,5,4,5,2.83333333333333,3,3,4.66666666666667,-0.996666666666667,-0.67,3.99666666666667,44,66,50,50,-22,0,1,1,5,0,28,"Male","White",NA,NA,NA,NA,NA,NA,2,27569,1,591115,1066,"I'd rather talk with a democrat",NA
"R_67rxnUrj0IR6GAh","694555b4beadda60a5901ec0","Democrat","D→R",77,"dem_first","twin_republican",5,4,2,5,4,3,5,4,3,5,5,3,2,3,1,1,3,1,2,1,1,4,4,1,3.83333333333333,4.16666666666667,1.83333333333333,2.16666666666667,-1.9421768707483,-1.60884353741497,3.77551020408163,0,65,1,75,-65,-74,4,2,3,10,29,"Male",NA,"Black or African American",NA,NA,NA,NA,NA,0,0,1,598646,1083,"I'd rather talk with a democrat",NA
"R_7EgmlDxyuJHD1Yd","697a400388ff4bcd707cde8e","Democrat","D→R",76,"dem_first","twin_republican",4,4,3,4,3,4,4,4,4,4,4,4,2,2,2,2,2,2,2,2,3,2,2,2,3.66666666666667,4,2,2.16666666666667,-1.77551020408163,-1.60884353741497,3.77551020408163,13,81,8,77,-68,-69,3,3,2,0,34,"Male","White",NA,NA,NA,NA,NA,NA,0,0,2,92542,753,"I'd rather talk with a democrat",NA
"R_5DwNz2YDM9H9rGS","55f61b4032af7400051715b0","Democrat","D→R",100,"dem_first","twin_republican",5,5,4,5,4,5,4,5,4,5,4,5,3,3,3,2,4,2,4,4,4,5,4,4,4.66666666666667,4.5,2.83333333333333,4.16666666666667,-0.942176870748299,-0.391156462585034,3.77551020408163,5,72,5,74,-67,-69,3,3,3,0,42,"Male","White",NA,NA,NA,NA,NA,NA,0,0,1,596016,863,"I'd rather talk with a republican","good chatbot"
"R_1Sq5U1RY5DCmQrD","62911a82ead4bc61607aa7d8","Republican","R→D",70,"dem_first","twin_democrat",3,3,2,4,4,1,2,2,1,3,2,1,5,4,4,5,5,4,4,4,4,4,5,4,2.83333333333333,1.83333333333333,4.5,4.16666666666667,-0.503333333333333,-0.17,3.99666666666667,70,85,70,85,-15,-15,4,3,4,0,38,"Male","White",NA,NA,NA,NA,NA,NA,0,0,1,597992,934,"I'd rather talk with a democrat",NA
"R_3OJ9QlFfDXwp01M","6628141ef03d907d9b2ff86d","Republican","R→D",75,"rep_first","twin_democrat",4,3,3,5,3,4,3,2,2,4,2,2,4,3,3,4,3,4,5,5,5,5,5,5,3.66666666666667,2.5,3.5,5,-0.496666666666667,-1.00333333333333,3.99666666666667,10,40,10,40,-30,-30,3,3,4,50,43,"Male","White",NA,NA,NA,NA,NA,NA,0,0,1,596741,1160,"I'd rather talk with a republican",NA
"R_5NEveTzmAWL5gc8","698df144d5298c2f228451f3","Republican","R→D",60,"dem_first","twin_democrat",4,4,3,4,4,2,4,3,2,4,3,2,5,5,5,5,5,4,5,5,5,5,5,4,3.5,3,4.83333333333333,4.83333333333333,-0.836666666666666,-0.836666666666666,3.99666666666667,40,70,55,70,-30,-15,3,3,4,0,39,"Male",NA,"Black or African American",NA,NA,NA,NA,NA,1,17238,3,553953,1385,"I'd rather talk with a republican","The study was engaging and clear"
"R_5TmUHs3wmELu0As","67382e41c232d1004b052fc4","Democrat","D→R",80,"rep_first","twin_republican",5,4,5,5,4,5,5,4,4,5,4,4,2,2,1,1,1,1,2,2,2,4,3,1,4.66666666666667,4.33333333333333,1.33333333333333,2.33333333333333,-2.4421768707483,-1.4421768707483,3.77551020408163,10,75,9,85,-65,-76,3,2,3,0,50,"Male","White",NA,NA,NA,NA,NA,NA,0,0,1,598592,853,"I'd rather talk with a republican",NA
"R_5M9h5KIEpLSYEsS","644c34bee80856c9546c7312","Democrat","D→R",48,"rep_first","twin_republican",2,2,1,4,4,4,1,1,1,2,2,2,1,1,1,2,2,2,2,4,2,4,4,4,2.83333333333333,1.5,1.5,3.33333333333333,-2.27551020408163,-0.442176870748299,3.77551020408163,52,52,50,50,0,0,3,3,4,50,33,"Male",NA,"Black or African American",NA,NA,NA,NA,NA,0,0,1,597499,800,"I'd rather talk with a democrat",NA
"R_1kXHMK47H5GLBKL","60fdc73e9fc2f113dc1ff96d","Democrat","D→R",100,"dem_first","twin_republican",4,4,4,5,4,4,4,4,4,5,4,4,1,1,1,1,1,1,4,4,4,4,4,4,4.16666666666667,4.16666666666667,1,4,-2.77551020408163,-0.224489795918367,3.77551020408163,0,100,0,100,-100,-100,4,4,3,0,29,"Female","White",NA,NA,NA,NA,NA,NA,0,0,3,594343,897,"I'd rather talk with a democrat",NA
"R_76nY0ya7Viz8mjb","699364c269fa2bfb6ffe7846","Republican","R→D",90,"rep_first","twin_democrat",5,5,5,5,5,5,5,4,4,5,4,4,4,2,4,4,2,1,4,5,5,4,4,4,5,4.33333333333333,2.83333333333333,4.33333333333333,-1.16333333333333,-0.336666666666666,3.99666666666667,76,91,58,90,-15,-32,4,4,4,10,34,"Male","White",NA,NA,NA,NA,NA,NA,0,0,10,83663,888,"I'd rather talk with a democrat","Nice survey"
"R_5fl0IM73lKmZL73","69895874e38aa0ccbeef08ad","Democrat","D→R",89,"dem_first","twin_republican",5,5,5,5,5,5,5,5,5,5,5,5,1,1,1,1,1,1,4,4,4,4,4,4,5,5,1,4,-2.77551020408163,-0.224489795918367,3.77551020408163,20,94,45,86,-74,-41,4,4,3,0,28,"Male",NA,"Black or African American",NA,NA,NA,NA,NA,0,0,2,594369,881,"I'd rather talk with a democrat",NA
"R_5RQcm3gL7nkZOcT","606f9bca353fc36aba9ccb8b","Republican","R→D",90,"dem_first","twin_democrat",4,4,4,4,4,4,4,4,4,4,4,4,5,5,5,5,5,5,5,5,5,5,5,5,4,4,5,5,-1.00333333333333,-1.00333333333333,3.99666666666667,7,77,15,80,-70,-65,4,4,5,0,33,"Male","White",NA,NA,NA,NA,NA,NA,0,0,2,597283,917,"I'd rather talk with a republican",NA
"R_3ClNInAh8fqnI1r","67d1ebebaae0aec1ff52f76f","Republican","R→D",77,"dem_first","twin_democrat",5,5,4,4,5,5,5,4,3,4,4,4,5,4,3,2,4,4,5,4,5,2,4,4,4.66666666666667,4,3.66666666666667,4,-0.33,-0.00333333333333341,3.99666666666667,39,83,46,81,-44,-35,3,3,3,50,61,"Female","White",NA,NA,NA,NA,NA,NA,0,0,1,596169,1015,"I'd rather talk with a republican",NA
"R_3ESDixPxZCqfAE5","696672bf58495a18f8a1851a","Democrat","D→R",90,"rep_first","twin_republican",5,5,4,3,5,5,5,4,3,4,4,4,1,1,1,1,1,1,1,1,1,1,1,2,4.5,4,1,1.16666666666667,-2.77551020408163,-2.60884353741497,3.77551020408163,0,85,1,97,-85,-96,2,5,5,0,55,"Female","White",NA,NA,NA,NA,NA,NA,0,0,1,593044,860,"I'd rather talk with a democrat",NA
"R_6lQtOq08PoUYL5Q","698d677b5b2c7f886bb1998f","Democrat","D→R",99,"rep_first","twin_republican",4,4,3,4,4,4,4,4,3,2,4,4,3,2,3,4,2,2,2,2,2,3,2,2,3.83333333333333,3.5,2.66666666666667,2.16666666666667,-1.10884353741497,-1.60884353741497,3.77551020408163,41,91,41,92,-50,-51,3,3,2,25,41,"Female","White",NA,NA,NA,NA,NA,NA,0,0,1,596948,831,"I'd rather talk with a democrat",NA
"R_61cStmdTOSFUgsj","66b5038047257d743ef1a3a6","Republican","R→D",94,"dem_first","twin_democrat",3,3,3,3,3,3,3,3,3,3,3,3,5,5,5,5,5,5,5,5,5,5,5,5,3,3,5,5,-1.00333333333333,-1.00333333333333,3.99666666666667,1,96,1,97,-95,-96,3,5,5,25,49,"Male","White",NA,NA,NA,NA,NA,NA,0,0,1,597290,829,"I'd rather talk with a republican",NA
"R_5mIcHHqZ7MzjGvx","6941984defc3cfda7e9cdf6f","Republican","R→D",72,"dem_first","twin_democrat",5,5,4,5,5,5,5,5,4,5,5,5,2,2,1,1,3,2,4,4,4,5,4,4,4.83333333333333,4.83333333333333,1.83333333333333,4.16666666666667,-2.16333333333333,-0.17,3.99666666666667,16,100,21,100,-84,-79,3,5,4,50,34,"Male",NA,"Black or African American",NA,NA,NA,NA,NA,0,0,1,595101,1134,"I'd rather talk with a democrat",NA
"R_53W92Qb6sYB97nm","67d64ac905f499cb54151b62","Democrat","D→R",80,"dem_first","twin_republican",5,5,5,5,5,5,4,4,4,4,4,4,4,4,4,4,4,4,4,4,4,2,4,4,5,4,4,3.66666666666667,-0.224489795918367,-0.108843537414966,3.77551020408163,74,83,79,85,-9,-6,4,3,3,15,69,"Male","White",NA,NA,NA,NA,NA,NA,0,0,2,586540,1790,"I'd rather talk with a republican",NA
"R_3c2f6pDrVtJXix7","6985f4fbf0d138e1b1231702","Democrat","D→R",74,"dem_first","twin_republican",4,1,1,3,2,4,4,1,2,4,3,4,2,3,2,3,3,2,1,2,1,2,2,2,2.5,3,2.5,1.66666666666667,-1.27551020408163,-2.10884353741497,3.77551020408163,24,67,33,67,-43,-34,1,1,3,0,70,"Female","White",NA,NA,NA,NA,NA,NA,0,0,1,597069,932,"I'd rather talk with a democrat",NA
"R_1gMBuM0ET3Kh8rs","67dc87a203686ea94ff1bc57","Republican","R→D",80,"rep_first","twin_democrat",5,4,4,5,5,4,5,4,4,5,5,4,4,4,3,4,4,4,3,4,4,4,4,4,4.5,4.5,3.83333333333333,3.83333333333333,-0.163333333333333,-0.163333333333333,3.99666666666667,31,75,29,76,-44,-47,4,3,3,10,59,"Male","White",NA,NA,NA,NA,NA,NA,2,58475,1,595191,3664,"I'd rather talk with a republican","N/A"
"R_3A34hPYcDbZXhF7","64309be1d7d085ed8ee4c129","Republican","R→D",85,"dem_first","twin_democrat",2,2,1,2,4,1,2,2,2,2,4,2,5,4,4,5,4,5,4,4,4,4,4,4,2,2.33333333333333,4.5,4,-0.503333333333333,-0.00333333333333341,3.99666666666667,0,85,0,85,-85,-85,4,4,4,0,31,"Male",NA,NA,NA,"Latino",NA,NA,NA,0,0,1,596404,783,"I'd rather talk with a republican","Great study, thank you."
"R_5E60gYz3d7VlGN6","5bcd315d0f10750001d7f22e","Democrat","D→R",32,"rep_first","twin_republican",5,5,5,5,5,5,5,5,5,5,5,5,1,1,1,1,1,1,4,2,2,4,2,2,5,5,1,2.66666666666667,-2.77551020408163,-1.10884353741497,3.77551020408163,2,69,4,71,-67,-67,4,4,3,0,43,"Male",NA,"Black or African American",NA,NA,NA,NA,NA,0,0,1,598207,790,"I'd rather talk with a republican",NA
"R_1kNts8d1MnBvP5N","697dd67958db8cc58de94953","Republican","R→D",92,"dem_first","twin_democrat",4,4,4,3,4,4,4,2,3,3,4,4,3,3,4,4,3,3,3,2,4,3,3,4,3.83333333333333,3.33333333333333,3.33333333333333,3.16666666666667,-0.663333333333333,-0.83,3.99666666666667,48,90,26,50,-42,-24,4,5,3,30,32,"Female",NA,NA,NA,NA,NA,NA,"Other",1,75264,18,355206,2284,"I'd rather talk with a republican",NA
"R_7mfuDwL7YKQoQup","698749dfa6d333b5c95a8a46","Democrat","D→R",88,"rep_first","twin_republican",4,4,2,3,3,2,5,5,3,4,3,2,3,4,3,2,2,2,2,2,2,4,3,1,3,3.66666666666667,2.66666666666667,2.33333333333333,-1.10884353741497,-1.4421768707483,3.77551020408163,60,69,65,84,-9,-19,2,2,4,8,27,"Male",NA,"Black or African American",NA,NA,NA,NA,NA,0,0,2,432261,1092,"I'd rather talk with a republican",NA
"R_5kBN5MCuWvvlP6k","67e8736fe61568ecdf259abe","Democrat","D→R",49,"dem_first","twin_republican",5,4,5,4,5,4,4,3,3,3,4,4,3,5,2,4,4,4,4,4,3,1,5,1,4.5,3.5,3.66666666666667,3,-0.108843537414966,-0.775510204081633,3.77551020408163,51,65,72,78,-14,-6,3,4,5,50,50,"Female",NA,"Black or African American",NA,NA,NA,NA,NA,0,0,2,587192,1099,"I'd rather talk with a republican","Donating all to the lady has to be my best feeling this whole"
"R_1QsZgiEPH18Mk99","67d14f0a60c7aabb0e904f59","Republican","R→D",93,"dem_first","twin_democrat",5,5,5,5,5,5,5,5,5,5,5,4,1,2,2,2,2,2,4,4,4,2,4,4,5,4.83333333333333,1.83333333333333,3.66666666666667,-2.16333333333333,-0.33,3.99666666666667,10,94,10,86,-84,-76,4,4,2,0,40,"Male","White",NA,NA,NA,NA,NA,NA,0,0,2,596287,1349,"I'd rather talk with a republican","no comments"
